<?xml version="1.0" encoding="UTF-8"?>
<Configuration status="trace" dest="logs/log4j2.log">
    <Appenders>
        <Console name="LogToConsole" target="SYSTEM_OUT">
            <PatternLayout pattern="%d{HH:mm:ss.SSS} [%t] %-5level %logger{36} - %msg%n"/>
        </Console>
        <File name="LogToFile" fileName="logs/app.log">
           <PatternLayout pattern="%d{HH:mm:ss.SSS} [%t] %-5level %logger{36} - %msg%n"/>
        </File>
    </Appenders>
    <Loggers>
        <Logger name="all" level="trace" additivity="false">
            <AppenderRef ref="LogToFile" level="all" />
            <AppenderRef ref="LogToConsole" level="error" />
        </Logger>

        <Root level="all">
            <AppenderRef ref="LogToFile" level="all" />
            <AppenderRef ref="LogToConsole" level="debug" />
        </Root>
    </Loggers>
</Configuration>